{"sidebar-1":{"custom_html-2":{"title":"","content":"<img title=\"banner 300250\" src=\"https:\/\/c1.staticflickr.com\/5\/4378\/36288235053_598709e36f_o.jpg\" alt=\"banner 300250\" width=\"300\" height=\"250\"\/>"},"newkarma-rp-4":{"title":"Otomatif Terbaru","newkar_url":"https:\/\/demo.idtheme.com\/newkarma\/category\/otomatif\/","newkar_category":"Otomatif, ","newkar_style":"style_2","newkar_number_posts":5,"newkar_title_length":80,"newkar_hide_current_post":false,"newkar_show_categories":false,"newkar_show_date":true,"newkar_show_thumb":true,"bgcolor":"","color_text":"","color_link":"","color_meta":""},"newkarma-slider-2":{"title":"Politik Terbaru","newkar_url":"https:\/\/demo.idtheme.com\/newkarma\/category\/politik\/","newkar_category":"Politik, ","newkar_imagesize":"small_image","newkar_number_posts":5,"newkar_title_length":80,"newkar_hide_current_post":false,"newkar_show_meta":true},"newkarma-mostview-2":{"title":"Otomotif Terpopuler","newkar_url":"https:\/\/demo.idtheme.com\/newkarma\/category\/otomatif\/","newkar_category":"Otomatif, ","newkar_style":"style_4","newkar_number_posts":3,"newkar_title_length":80,"newkar_popular_date":"alltime","newkar_hide_current_post":false,"newkar_show_categories":false,"newkar_show_view":true,"newkar_show_thumb":true,"bgcolor":"","color_text":"","color_link":"","color_meta":""},"custom_html-4":{"title":"","content":"<img title=\"banner 300250\" src=\"https:\/\/c1.staticflickr.com\/5\/4754\/40369966921_0d157d8dfe_o.jpg\" alt=\"banner 300250\" width=\"300\" height=\"250\"\/>"},"newkarma-rp-3":{"title":"Olahraga Terbaru","newkar_url":"https:\/\/demo.idtheme.com\/newkarma\/category\/olahraga\/","newkar_category":"Olahraga, ","newkar_style":"style_3","newkar_number_posts":5,"newkar_title_length":80,"newkar_hide_current_post":false,"newkar_show_categories":false,"newkar_show_date":false,"newkar_show_thumb":true,"bgcolor":"","color_text":"","color_link":"","color_meta":""}},"sidebar-2":{"custom_html-5":{"title":"","content":"<img title=\"banner 250250\" src=\"https:\/\/c1.staticflickr.com\/5\/4661\/25497954687_4ec322ff29_o.jpg\" alt=\"banner 250250\" width=\"250\" height=\"250\"\/>"},"newkarma-rp-2":{"title":"Berita Terbaru","newkar_url":"https:\/\/demo.idtheme.com\/newkarma\/category\/berita\/","newkar_category":"Berita, ","newkar_style":"style_2","newkar_number_posts":5,"newkar_title_length":80,"newkar_hide_current_post":false,"newkar_show_categories":false,"newkar_show_date":true,"newkar_show_thumb":true,"bgcolor":"","color_text":"","color_link":"","color_meta":""},"newkarma-ajaxtab-2":{"tabs":{"popular":"1","comments":"1"},"newkar_number_posts":5,"newkar_title_length":80,"newkar_popular_date":"alltime","newkar_show_view":false,"newkar_show_thumb":true}},"sidebar-3":{"custom_html-3":{"title":"","content":"<img title=\"banner 120x600\" src=\"https:\/\/c1.staticflickr.com\/5\/4650\/38557940220_a960044aa9_o.jpg\" alt=\"banner 120x600\" width=\"120\" height=\"600\"\/>"}}}